nom_depto,n_radios,pct_radios_villa,numero_comuna.x,cod_departamento,numero_comuna.y,cod_fraccion,cod_radio,total_viv,n_agua_corriente,pct_agua_corriente,n_calidad_mat,pct_calidad_mat,n_clima_educ_bajo,pct_clima_educ_bajo,n_NBI,pct_NBI,n_sec_completa,pct_sec_completa,n_edad_65_mas,pct_edad_65_mas,n_hacinamiento,pct_hacinamiento,n_cond_san_A,pct_cond_san_A,n_cond_san_B,pct_cond_san_B,area_radio_m2,pct_area_villa,n_barrios_populares,dist_eucl_km_hosp,dist_eucl_km_cmb,dist_eucl_km_cesac,dist_eucl_km_est_sal,dist_red_km_hosp,dist_red_km_cmb,dist_red_km_cesac,dist_red_km_est_sal,tiempo_auto_min_hosp,tiempo_auto_min_cmb,tiempo_auto_min_cesac,tiempo_auto_min_est_sal,tiempo_transp_min_hosp,tiempo_transp_min_cmb,tiempo_transp_min_cesac,tiempo_transp_min_est_sal
Comuna 1,352,17.3,7,2007,1,14.815,7.179,302.582,290.688,95.656,199.901,64.75,66.952,23.325,34.963,11.565,379.94,61.262,88.034,14.047,6.151,2.174,1.009,0.333,1.466,0.516,50489.561,15.155,0.182,1.567,1.911,1.084,NA,2.037,2.484,1.409,NA,6.111,7.452,4.227,NA,10.185,12.42,7.045,NA
Comuna 10,200,1.5,70,2070,10,10.345,5.925,369.82,365.38,98.778,288.095,77.791,75.73,20.657,11.605,3.17,532.925,61.919,164.985,19.247,2.2,0.604,0.615,0.176,0.99,0.263,62661.647,0.448,0.015,1.249,1.148,1.079,NA,1.624,1.492,1.403,NA,4.874,4.478,4.206,NA,8.118,7.46,7.017,NA
Comuna 11,236,1.3,77,2077,11,11.144,5.966,372.5,367.475,98.642,296.606,79.647,62.449,16.852,9.466,2.53,563.322,65.974,166.517,19.537,2.051,0.547,0.835,0.231,1.059,0.285,58985.964,0.687,0.013,1.106,1.287,1.125,NA,1.437,1.673,1.462,NA,4.314,5.019,4.387,NA,7.19,8.369,7.311,NA
Comuna 12,267,2.6,84,2084,12,12.131,6.891,404.813,399.914,98.818,319.397,78.974,56.637,14.084,7.614,1.891,600.213,68.424,158.697,18.013,1.906,0.473,0.348,0.078,0.989,0.242,57178.996,1.507,0.026,1.752,1.303,1.082,NA,2.278,1.693,1.407,NA,6.836,5.081,4.219,NA,11.387,8.464,7.034,NA
Comuna 13,330,1.2,91,2091,13,14.427,6.397,385.579,380.915,98.809,304.652,79.189,34.873,9.089,6.006,1.602,587.136,73.93,160.864,20.321,1.539,0.401,0.364,0.087,0.852,0.223,44754.143,0.614,0.012,1.442,1.493,1.903,NA,1.875,1.941,2.474,NA,5.624,5.821,7.427,NA,9.375,9.704,12.371,NA
Comuna 14,322,0.6,98,2098,14,15.354,6.211,396.686,390.568,98.409,305.373,76.953,32.764,8.39,8.929,2.333,584.935,76.14,146.643,18.73,2.05,0.544,0.699,0.182,0.894,0.23,49551.073,0.01,0.006,1.342,1.427,1.121,NA,1.745,1.855,1.458,NA,5.233,5.564,4.375,NA,8.724,9.274,7.288,NA
Comuna 15,246,4.1,105,2105,15,10.996,6.512,368.768,363.419,98.641,278.146,75.749,59.634,16.26,11.585,3.038,525.35,66.697,131.61,16.932,2.577,0.644,0.415,0.103,0.805,0.21,58250.444,1.027,0.053,1.14,1.666,1.215,NA,1.482,2.166,1.579,NA,4.447,6.497,4.739,NA,7.408,10.83,7.896,NA
Comuna 2,202,1,14,2014,2,13.252,4.782,414.941,408.465,98.432,315.782,76.09,32.099,8.047,8.243,2.05,618.762,77.53,161.208,20.313,2.361,0.574,0.287,0.067,0.772,0.192,32710.028,0.021,0.015,0.803,1.531,1.114,NA,1.044,1.99,1.448,NA,3.131,5.972,4.343,NA,5.219,9.954,7.242,NA
Comuna 3,256,1.2,21,2021,3,13.848,5.336,361.543,353.934,97.901,254.52,70.447,73.293,20.432,35.543,10.01,477.496,63.247,120.891,16.03,5.383,1.504,0.77,0.211,1.238,0.346,24958.915,0.349,0.012,0.928,0.775,1.019,NA,1.207,1.008,1.324,NA,3.621,3.024,3.971,NA,6.033,5.042,6.62,NA
Comuna 4,294,33.3,28,2028,4,14.207,5.959,310.156,300,96.272,200.874,63.152,104.558,35.594,27.752,9.394,374.507,48.51,105.514,13.656,5.772,1.974,0.776,0.258,1.224,0.437,73625.433,22.346,0.398,0.918,1.239,0.57,NA,1.194,1.611,0.741,NA,3.583,4.835,2.221,NA,5.967,8.055,3.705,NA
Comuna 5,225,0.4,35,2035,5,11.831,5.756,414.258,407.924,98.466,307.769,74.409,65.253,16.057,20.729,5.249,579.644,67.718,154.089,17.939,3.489,0.859,0.622,0.145,1.231,0.307,29616.413,0.331,0.004,0.842,1.582,0.798,NA,1.095,2.057,1.037,NA,3.288,6.174,3.11,NA,5.476,10.285,5.184,NA
Comuna 6,230,0.4,42,2042,6,10.674,6.117,415.061,409.2,98.581,323.974,78.109,51.87,12.572,12.548,3.03,621.491,70.948,173.77,19.788,2.683,0.657,0.457,0.103,1.565,0.373,29801.728,0.009,0.009,0.804,1.345,1.766,NA,1.046,1.749,2.295,NA,3.137,5.247,6.887,NA,5.23,8.743,11.475,NA
Comuna 7,266,15.4,49,2049,7,12.786,6.241,341.992,336.034,97.739,255.233,72.232,72.365,23.175,18.459,6.32,490.921,60.11,142.32,17.004,3.293,1.189,0.523,0.144,1.139,0.315,46734.759,11.957,0.192,0.972,0.976,1.405,NA,1.264,1.268,1.826,NA,3.792,3.802,5.48,NA,6.32,6.339,9.131,NA
Comuna 8,202,66.3,56,2056,8,8.614,7.035,349.614,329.446,94.319,200.376,57.371,166.01,48.272,30.713,8.843,380.891,38.198,111.634,11.366,10.228,3.03,1.629,0.462,2.569,0.738,109420.569,49.983,0.827,1.969,1.353,0.486,NA,2.559,1.759,0.632,NA,7.68,5.277,1.893,NA,12.795,8.792,3.156,NA
Comuna 9,192,14.1,63,2063,9,8.557,6.651,347.672,343.13,98.643,260.594,74.426,100.833,29.78,13.885,4.077,474.297,54.489,151.521,17.513,4.01,1.208,0.422,0.123,1.62,0.483,84689.937,8.046,0.146,1.616,1.457,0.947,NA,2.101,1.894,1.231,NA,6.306,5.678,3.693,NA,10.503,9.47,6.153,NA
